--------------------------------------------------------
-- Archivo creado  - jueves-diciembre-09-2021   
--------------------------------------------------------
--------------------------------------------------------
--  DDL for Sequence SQ_RESERVA
--------------------------------------------------------

   CREATE SEQUENCE  "PORTAFOLIO1"."SQ_RESERVA"  MINVALUE 1 MAXVALUE 9999999999999999999999999999 INCREMENT BY 1 START WITH 2 CACHE 20 NOORDER  NOCYCLE  NOKEEP  NOSCALE  GLOBAL ;
--------------------------------------------------------
--  DDL for Table ADMINISTRADOR
--------------------------------------------------------

  CREATE TABLE "PORTAFOLIO1"."ADMINISTRADOR" 
   (	"ID" VARCHAR2(50 BYTE), 
	"NOMBRE" VARCHAR2(50 BYTE), 
	"APELLIDO" VARCHAR2(50 BYTE)
   ) SEGMENT CREATION DEFERRED 
  PCTFREE 10 PCTUSED 40 INITRANS 1 MAXTRANS 255 
 NOCOMPRESS LOGGING
  TABLESPACE "USERS" ;
--------------------------------------------------------
--  DDL for Table BODEGA
--------------------------------------------------------

  CREATE TABLE "PORTAFOLIO1"."BODEGA" 
   (	"SKU" VARCHAR2(50 BYTE), 
	"MARCA" VARCHAR2(50 BYTE), 
	"STOCK" NUMBER, 
	"DETALLE" VARCHAR2(50 BYTE), 
	"USUARIO_BODEGA_ID" VARCHAR2(50 BYTE), 
	"NOMBRE" VARCHAR2(50 BYTE)
   ) SEGMENT CREATION IMMEDIATE 
  PCTFREE 10 PCTUSED 40 INITRANS 1 MAXTRANS 255 
 NOCOMPRESS LOGGING
  STORAGE(INITIAL 65536 NEXT 1048576 MINEXTENTS 1 MAXEXTENTS 2147483645
  PCTINCREASE 0 FREELISTS 1 FREELIST GROUPS 1
  BUFFER_POOL DEFAULT FLASH_CACHE DEFAULT CELL_FLASH_CACHE DEFAULT)
  TABLESPACE "USERS" ;
--------------------------------------------------------
--  DDL for Table CAJA
--------------------------------------------------------

  CREATE TABLE "PORTAFOLIO1"."CAJA" 
   (	"ID" VARCHAR2(50 BYTE), 
	"FECHAH_INICIO" VARCHAR2(50 BYTE), 
	"FECHAH_FINAL" VARCHAR2(50 BYTE), 
	"ESTADO" VARCHAR2(50 BYTE), 
	"SALDO_INICIAL" NUMBER, 
	"SALDO_FINAL" NUMBER, 
	"FINANZA_ID" VARCHAR2(50 BYTE)
   ) SEGMENT CREATION IMMEDIATE 
  PCTFREE 10 PCTUSED 40 INITRANS 1 MAXTRANS 255 
 NOCOMPRESS LOGGING
  STORAGE(INITIAL 65536 NEXT 1048576 MINEXTENTS 1 MAXEXTENTS 2147483645
  PCTINCREASE 0 FREELISTS 1 FREELIST GROUPS 1
  BUFFER_POOL DEFAULT FLASH_CACHE DEFAULT CELL_FLASH_CACHE DEFAULT)
  TABLESPACE "USERS" ;
--------------------------------------------------------
--  DDL for Table CLIENTE
--------------------------------------------------------

  CREATE TABLE "PORTAFOLIO1"."CLIENTE" 
   (	"ID_CLIENTE" VARCHAR2(50 BYTE), 
	"NOMBRES" VARCHAR2(50 BYTE), 
	"APELLIDOS" VARCHAR2(50 BYTE), 
	"RUT" VARCHAR2(50 BYTE), 
	"EMAIL" VARCHAR2(50 BYTE), 
	"TELEFONO" NVARCHAR2(15)
   ) SEGMENT CREATION IMMEDIATE 
  PCTFREE 10 PCTUSED 40 INITRANS 1 MAXTRANS 255 
 NOCOMPRESS LOGGING
  STORAGE(INITIAL 65536 NEXT 1048576 MINEXTENTS 1 MAXEXTENTS 2147483645
  PCTINCREASE 0 FREELISTS 1 FREELIST GROUPS 1
  BUFFER_POOL DEFAULT FLASH_CACHE DEFAULT CELL_FLASH_CACHE DEFAULT)
  TABLESPACE "USERS" ;
--------------------------------------------------------
--  DDL for Table COCINA
--------------------------------------------------------

  CREATE TABLE "PORTAFOLIO1"."COCINA" 
   (	"ID" VARCHAR2(50 BYTE), 
	"NOMBRE" VARCHAR2(50 BYTE), 
	"APELLIDO" VARCHAR2(50 BYTE), 
	"TIPO" VARCHAR2(50 BYTE)
   ) SEGMENT CREATION IMMEDIATE 
  PCTFREE 10 PCTUSED 40 INITRANS 1 MAXTRANS 255 
 NOCOMPRESS LOGGING
  STORAGE(INITIAL 65536 NEXT 1048576 MINEXTENTS 1 MAXEXTENTS 2147483645
  PCTINCREASE 0 FREELISTS 1 FREELIST GROUPS 1
  BUFFER_POOL DEFAULT FLASH_CACHE DEFAULT CELL_FLASH_CACHE DEFAULT)
  TABLESPACE "USERS" ;
--------------------------------------------------------
--  DDL for Table DETALLE_PAGO
--------------------------------------------------------

  CREATE TABLE "PORTAFOLIO1"."DETALLE_PAGO" 
   (	"ID" VARCHAR2(50 BYTE), 
	"TOTAL_UNITARIO" NUMBER, 
	"PRECIO_UNITARIO" NUMBER, 
	"TOTAL" NUMBER, 
	"PROPINA" NUMBER, 
	"PAGO_ID" VARCHAR2(50 BYTE)
   ) SEGMENT CREATION DEFERRED 
  PCTFREE 10 PCTUSED 40 INITRANS 1 MAXTRANS 255 
 NOCOMPRESS LOGGING
  TABLESPACE "USERS" ;
--------------------------------------------------------
--  DDL for Table FINANZA
--------------------------------------------------------

  CREATE TABLE "PORTAFOLIO1"."FINANZA" 
   (	"ID" VARCHAR2(50 BYTE), 
	"NOMBRE" VARCHAR2(50 BYTE), 
	"APELLIDO" VARCHAR2(50 BYTE)
   ) SEGMENT CREATION IMMEDIATE 
  PCTFREE 10 PCTUSED 40 INITRANS 1 MAXTRANS 255 
 NOCOMPRESS LOGGING
  STORAGE(INITIAL 65536 NEXT 1048576 MINEXTENTS 1 MAXEXTENTS 2147483645
  PCTINCREASE 0 FREELISTS 1 FREELIST GROUPS 1
  BUFFER_POOL DEFAULT FLASH_CACHE DEFAULT CELL_FLASH_CACHE DEFAULT)
  TABLESPACE "USERS" ;
--------------------------------------------------------
--  DDL for Table GARZON
--------------------------------------------------------

  CREATE TABLE "PORTAFOLIO1"."GARZON" 
   (	"ID" VARCHAR2(50 BYTE), 
	"NOMBRE" VARCHAR2(50 BYTE), 
	"APELLIDO" VARCHAR2(50 BYTE)
   ) SEGMENT CREATION IMMEDIATE 
  PCTFREE 10 PCTUSED 40 INITRANS 1 MAXTRANS 255 
 NOCOMPRESS LOGGING
  STORAGE(INITIAL 65536 NEXT 1048576 MINEXTENTS 1 MAXEXTENTS 2147483645
  PCTINCREASE 0 FREELISTS 1 FREELIST GROUPS 1
  BUFFER_POOL DEFAULT FLASH_CACHE DEFAULT CELL_FLASH_CACHE DEFAULT)
  TABLESPACE "USERS" ;
--------------------------------------------------------
--  DDL for Table INGREDIENTE
--------------------------------------------------------

  CREATE TABLE "PORTAFOLIO1"."INGREDIENTE" 
   (	"ID" VARCHAR2(50 BYTE), 
	"NOMBRE" VARCHAR2(50 BYTE), 
	"TIPO" VARCHAR2(50 BYTE), 
	"PLATOS_ID" VARCHAR2(50 BYTE), 
	"BODEGA_SKU" VARCHAR2(50 BYTE), 
	"ACOMPAÑAMIENTOS_ID" VARCHAR2(50 BYTE), 
	"BEBIDA_ID" VARCHAR2(50 BYTE)
   ) SEGMENT CREATION DEFERRED 
  PCTFREE 10 PCTUSED 40 INITRANS 1 MAXTRANS 255 
 NOCOMPRESS LOGGING
  TABLESPACE "USERS" ;
--------------------------------------------------------
--  DDL for Table MENU
--------------------------------------------------------

  CREATE TABLE "PORTAFOLIO1"."MENU" 
   (	"ID" VARCHAR2(50 BYTE), 
	"TIPO_MENU" VARCHAR2(50 BYTE)
   ) SEGMENT CREATION IMMEDIATE 
  PCTFREE 10 PCTUSED 40 INITRANS 1 MAXTRANS 255 
 NOCOMPRESS LOGGING
  STORAGE(INITIAL 65536 NEXT 1048576 MINEXTENTS 1 MAXEXTENTS 2147483645
  PCTINCREASE 0 FREELISTS 1 FREELIST GROUPS 1
  BUFFER_POOL DEFAULT FLASH_CACHE DEFAULT CELL_FLASH_CACHE DEFAULT)
  TABLESPACE "USERS" ;
--------------------------------------------------------
--  DDL for Table MESA
--------------------------------------------------------

  CREATE TABLE "PORTAFOLIO1"."MESA" 
   (	"ID" VARCHAR2(50 BYTE), 
	"CAMARERO" VARCHAR2(50 BYTE), 
	"SILLAS" NUMBER, 
	"ZONA" VARCHAR2(50 BYTE), 
	"GARZON_ID" VARCHAR2(50 BYTE), 
	"ESTADO" VARCHAR2(50 BYTE)
   ) SEGMENT CREATION IMMEDIATE 
  PCTFREE 10 PCTUSED 40 INITRANS 1 MAXTRANS 255 
 NOCOMPRESS LOGGING
  STORAGE(INITIAL 65536 NEXT 1048576 MINEXTENTS 1 MAXEXTENTS 2147483645
  PCTINCREASE 0 FREELISTS 1 FREELIST GROUPS 1
  BUFFER_POOL DEFAULT FLASH_CACHE DEFAULT CELL_FLASH_CACHE DEFAULT)
  TABLESPACE "USERS" ;
--------------------------------------------------------
--  DDL for Table ORDEN
--------------------------------------------------------

  CREATE TABLE "PORTAFOLIO1"."ORDEN" 
   (	"ID" NUMBER, 
	"HORA_PEDIDO" VARCHAR2(50 BYTE), 
	"HORA_PEDIDO_LISTO" VARCHAR2(50 BYTE), 
	"ESTADO" VARCHAR2(50 BYTE), 
	"PEDIDO" VARCHAR2(100 BYTE), 
	"CLIENTE_ID_CLIENTE" VARCHAR2(50 BYTE)
   ) SEGMENT CREATION IMMEDIATE 
  PCTFREE 10 PCTUSED 40 INITRANS 1 MAXTRANS 255 
 NOCOMPRESS LOGGING
  STORAGE(INITIAL 65536 NEXT 1048576 MINEXTENTS 1 MAXEXTENTS 2147483645
  PCTINCREASE 0 FREELISTS 1 FREELIST GROUPS 1
  BUFFER_POOL DEFAULT FLASH_CACHE DEFAULT CELL_FLASH_CACHE DEFAULT)
  TABLESPACE "USERS" ;
--------------------------------------------------------
--  DDL for Table PAGO
--------------------------------------------------------

  CREATE TABLE "PORTAFOLIO1"."PAGO" 
   (	"ID" VARCHAR2(50 BYTE), 
	"TOTAL" NUMBER, 
	"FECHA_HORA" VARCHAR2(50 BYTE), 
	"TIPO_PAGO" VARCHAR2(50 BYTE), 
	"CAJA_ID" VARCHAR2(50 BYTE)
   ) SEGMENT CREATION DEFERRED 
  PCTFREE 10 PCTUSED 40 INITRANS 1 MAXTRANS 255 
 NOCOMPRESS LOGGING
  TABLESPACE "USERS" ;
--------------------------------------------------------
--  DDL for Table PEDIDO_PROVEEDOR
--------------------------------------------------------

  CREATE TABLE "PORTAFOLIO1"."PEDIDO_PROVEEDOR" 
   (	"ID" VARCHAR2(50 BYTE), 
	"PEDIDO" VARCHAR2(1000 BYTE), 
	"FECHA_PEDIDO" VARCHAR2(50 BYTE), 
	"FECHA_ENTREGA" VARCHAR2(50 BYTE), 
	"FINANZA_ID" VARCHAR2(50 BYTE)
   ) SEGMENT CREATION IMMEDIATE 
  PCTFREE 10 PCTUSED 40 INITRANS 1 MAXTRANS 255 
 NOCOMPRESS LOGGING
  STORAGE(INITIAL 65536 NEXT 1048576 MINEXTENTS 1 MAXEXTENTS 2147483645
  PCTINCREASE 0 FREELISTS 1 FREELIST GROUPS 1
  BUFFER_POOL DEFAULT FLASH_CACHE DEFAULT CELL_FLASH_CACHE DEFAULT)
  TABLESPACE "USERS" ;
--------------------------------------------------------
--  DDL for Table PLATO
--------------------------------------------------------

  CREATE TABLE "PORTAFOLIO1"."PLATO" 
   (	"ID" VARCHAR2(50 BYTE), 
	"NOMBRE" VARCHAR2(50 BYTE), 
	"STOCK" NUMBER, 
	"TIPO" VARCHAR2(50 BYTE), 
	"PRECIO" NUMBER, 
	"MENU_ID" VARCHAR2(50 BYTE), 
	"COCINA_ID" VARCHAR2(50 BYTE)
   ) SEGMENT CREATION IMMEDIATE 
  PCTFREE 10 PCTUSED 40 INITRANS 1 MAXTRANS 255 
 NOCOMPRESS LOGGING
  STORAGE(INITIAL 65536 NEXT 1048576 MINEXTENTS 1 MAXEXTENTS 2147483645
  PCTINCREASE 0 FREELISTS 1 FREELIST GROUPS 1
  BUFFER_POOL DEFAULT FLASH_CACHE DEFAULT CELL_FLASH_CACHE DEFAULT)
  TABLESPACE "USERS" ;
--------------------------------------------------------
--  DDL for Table RESERVA
--------------------------------------------------------

  CREATE TABLE "PORTAFOLIO1"."RESERVA" 
   (	"ID_RESERVA" NUMBER, 
	"FECHA_HORA" VARCHAR2(50 BYTE), 
	"CANTIDAD_PERSONAS" NUMBER, 
	"CLIENTE_ID_CLIENTE" VARCHAR2(50 BYTE), 
	"MESA_ID" VARCHAR2(50 BYTE)
   ) SEGMENT CREATION IMMEDIATE 
  PCTFREE 10 PCTUSED 40 INITRANS 1 MAXTRANS 255 
 NOCOMPRESS LOGGING
  STORAGE(INITIAL 65536 NEXT 1048576 MINEXTENTS 1 MAXEXTENTS 2147483645
  PCTINCREASE 0 FREELISTS 1 FREELIST GROUPS 1
  BUFFER_POOL DEFAULT FLASH_CACHE DEFAULT CELL_FLASH_CACHE DEFAULT)
  TABLESPACE "USERS" ;
--------------------------------------------------------
--  DDL for Table USUARIO
--------------------------------------------------------

  CREATE TABLE "PORTAFOLIO1"."USUARIO" 
   (	"ID" VARCHAR2(50 BYTE), 
	"USERNAME" VARCHAR2(50 BYTE), 
	"PASSWORD" VARCHAR2(50 BYTE), 
	"TIPO" VARCHAR2(50 BYTE)
   ) SEGMENT CREATION IMMEDIATE 
  PCTFREE 10 PCTUSED 40 INITRANS 1 MAXTRANS 255 
 NOCOMPRESS LOGGING
  STORAGE(INITIAL 65536 NEXT 1048576 MINEXTENTS 1 MAXEXTENTS 2147483645
  PCTINCREASE 0 FREELISTS 1 FREELIST GROUPS 1
  BUFFER_POOL DEFAULT FLASH_CACHE DEFAULT CELL_FLASH_CACHE DEFAULT)
  TABLESPACE "USERS" ;
--------------------------------------------------------
--  DDL for Table USUARIO_BODEGA
--------------------------------------------------------

  CREATE TABLE "PORTAFOLIO1"."USUARIO_BODEGA" 
   (	"ID" VARCHAR2(50 BYTE), 
	"NOMBRE" VARCHAR2(50 BYTE), 
	"APELLIDO" VARCHAR2(50 BYTE)
   ) SEGMENT CREATION IMMEDIATE 
  PCTFREE 10 PCTUSED 40 INITRANS 1 MAXTRANS 255 
 NOCOMPRESS LOGGING
  STORAGE(INITIAL 65536 NEXT 1048576 MINEXTENTS 1 MAXEXTENTS 2147483645
  PCTINCREASE 0 FREELISTS 1 FREELIST GROUPS 1
  BUFFER_POOL DEFAULT FLASH_CACHE DEFAULT CELL_FLASH_CACHE DEFAULT)
  TABLESPACE "USERS" ;
REM INSERTING into PORTAFOLIO1.ADMINISTRADOR
SET DEFINE OFF;
REM INSERTING into PORTAFOLIO1.BODEGA
SET DEFINE OFF;
Insert into PORTAFOLIO1.BODEGA (SKU,MARCA,STOCK,DETALLE,USUARIO_BODEGA_ID,NOMBRE) values ('154','Jumbo','50','Paltas verdes ','1B','Palta');
Insert into PORTAFOLIO1.BODEGA (SKU,MARCA,STOCK,DETALLE,USUARIO_BODEGA_ID,NOMBRE) values ('155','Del campo','60','Choclo fresco de grano grande','1B','Choclo');
Insert into PORTAFOLIO1.BODEGA (SKU,MARCA,STOCK,DETALLE,USUARIO_BODEGA_ID,NOMBRE) values ('152','Sopraval','20','Asiento','1B','Carne Vacuno');
Insert into PORTAFOLIO1.BODEGA (SKU,MARCA,STOCK,DETALLE,USUARIO_BODEGA_ID,NOMBRE) values ('153','Sopraval','10','Pollo','1B','Pechuga de pollo');
REM INSERTING into PORTAFOLIO1.CAJA
SET DEFINE OFF;
Insert into PORTAFOLIO1.CAJA (ID,FECHAH_INICIO,FECHAH_FINAL,ESTADO,SALDO_INICIAL,SALDO_FINAL,FINANZA_ID) values ('1C','2021-11-6 13:15','2021-11-6 13:15','Cerrada','572369','612352','1F');
Insert into PORTAFOLIO1.CAJA (ID,FECHAH_INICIO,FECHAH_FINAL,ESTADO,SALDO_INICIAL,SALDO_FINAL,FINANZA_ID) values ('2C','2021-11-6 20:2','2021-11-6 20:2','Cerrada','612352','692235','1F');
Insert into PORTAFOLIO1.CAJA (ID,FECHAH_INICIO,FECHAH_FINAL,ESTADO,SALDO_INICIAL,SALDO_FINAL,FINANZA_ID) values ('3C','2021-11-6 21:42','2021-11-6 21:44','Cerrada','692235','702369','1F');
REM INSERTING into PORTAFOLIO1.CLIENTE
SET DEFINE OFF;
Insert into PORTAFOLIO1.CLIENTE (ID_CLIENTE,NOMBRES,APELLIDOS,RUT,EMAIL,TELEFONO) values ('93','Ricardo','Perez','19634503-5','ricardo@gmail.com','+56971030244');
Insert into PORTAFOLIO1.CLIENTE (ID_CLIENTE,NOMBRES,APELLIDOS,RUT,EMAIL,TELEFONO) values ('17','Tamara','Soto','19634503-5','tamara@gmail.com','+56971030244');
REM INSERTING into PORTAFOLIO1.COCINA
SET DEFINE OFF;
Insert into PORTAFOLIO1.COCINA (ID,NOMBRE,APELLIDO,TIPO) values ('1C','Gerardo','Ramos','Chef');
Insert into PORTAFOLIO1.COCINA (ID,NOMBRE,APELLIDO,TIPO) values ('2C','Bernardo','Dior','Ayudante de cocina');
REM INSERTING into PORTAFOLIO1.DETALLE_PAGO
SET DEFINE OFF;
REM INSERTING into PORTAFOLIO1.FINANZA
SET DEFINE OFF;
Insert into PORTAFOLIO1.FINANZA (ID,NOMBRE,APELLIDO) values ('1F','Ramon','Rome');
REM INSERTING into PORTAFOLIO1.GARZON
SET DEFINE OFF;
Insert into PORTAFOLIO1.GARZON (ID,NOMBRE,APELLIDO) values ('1G','Alberto','Saldias');
REM INSERTING into PORTAFOLIO1.INGREDIENTE
SET DEFINE OFF;
REM INSERTING into PORTAFOLIO1.MENU
SET DEFINE OFF;
Insert into PORTAFOLIO1.MENU (ID,TIPO_MENU) values ('1','Menu Veggie');
Insert into PORTAFOLIO1.MENU (ID,TIPO_MENU) values ('2','Menu Carnes');
REM INSERTING into PORTAFOLIO1.MESA
SET DEFINE OFF;
Insert into PORTAFOLIO1.MESA (ID,CAMARERO,SILLAS,ZONA,GARZON_ID,ESTADO) values ('6M','Diego Riobueno','2','Interior','1G','Disponible');
Insert into PORTAFOLIO1.MESA (ID,CAMARERO,SILLAS,ZONA,GARZON_ID,ESTADO) values ('7M','Jenry Valdez','6','Terraza','1G','Disponible');
Insert into PORTAFOLIO1.MESA (ID,CAMARERO,SILLAS,ZONA,GARZON_ID,ESTADO) values ('8M','Jenry Valdez','2','Interior','1G','Disponible');
Insert into PORTAFOLIO1.MESA (ID,CAMARERO,SILLAS,ZONA,GARZON_ID,ESTADO) values ('5M','Roberto Gonzales','2','Terraza','1G','Ocupada');
Insert into PORTAFOLIO1.MESA (ID,CAMARERO,SILLAS,ZONA,GARZON_ID,ESTADO) values ('4M','Alberto Saldias','4','Terraza','1G','Disponible');
Insert into PORTAFOLIO1.MESA (ID,CAMARERO,SILLAS,ZONA,GARZON_ID,ESTADO) values ('2M','Diego Riobuno','4','Interior','1G','Disponible');
Insert into PORTAFOLIO1.MESA (ID,CAMARERO,SILLAS,ZONA,GARZON_ID,ESTADO) values ('1M','Alberto Saldias','4','Terraza','1G','Disponible');
Insert into PORTAFOLIO1.MESA (ID,CAMARERO,SILLAS,ZONA,GARZON_ID,ESTADO) values ('3M','Alberto Saldias','6','Interior','1G','Disponible');
Insert into PORTAFOLIO1.MESA (ID,CAMARERO,SILLAS,ZONA,GARZON_ID,ESTADO) values ('9M','Diego Riobueno','2','Terraza','1G','Disponible');
Insert into PORTAFOLIO1.MESA (ID,CAMARERO,SILLAS,ZONA,GARZON_ID,ESTADO) values ('10M','Roberto Gonzales','6','Interior','1G','Disponible');
REM INSERTING into PORTAFOLIO1.ORDEN
SET DEFINE OFF;
Insert into PORTAFOLIO1.ORDEN (ID,HORA_PEDIDO,HORA_PEDIDO_LISTO,ESTADO,PEDIDO,CLIENTE_ID_CLIENTE) values ('37','21:34','Comiendo','Finalizado','Pastel de papa(1),Jugo Natural Selecciones(1)','93');
Insert into PORTAFOLIO1.ORDEN (ID,HORA_PEDIDO,HORA_PEDIDO_LISTO,ESTADO,PEDIDO,CLIENTE_ID_CLIENTE) values ('46','22:8','Comiendo','Finalizado','Pasta carbonara(1),Pastel de jaiva (1)','93');
Insert into PORTAFOLIO1.ORDEN (ID,HORA_PEDIDO,HORA_PEDIDO_LISTO,ESTADO,PEDIDO,CLIENTE_ID_CLIENTE) values ('71','21:29','Comiendo','Finalizado','Pastel de jaiva (1),Pasta carbonara(1)','93');
Insert into PORTAFOLIO1.ORDEN (ID,HORA_PEDIDO,HORA_PEDIDO_LISTO,ESTADO,PEDIDO,CLIENTE_ID_CLIENTE) values ('97','21:34','Comiendo','Finalizado','Pastel de jaiva (1),Bebida CCU(1)','93');
Insert into PORTAFOLIO1.ORDEN (ID,HORA_PEDIDO,HORA_PEDIDO_LISTO,ESTADO,PEDIDO,CLIENTE_ID_CLIENTE) values ('47','21:34','Comiendo','Finalizado','Pasta carbonara(1),Bebida CocaCola(1),Papas Fritas (1)','93');
Insert into PORTAFOLIO1.ORDEN (ID,HORA_PEDIDO,HORA_PEDIDO_LISTO,ESTADO,PEDIDO,CLIENTE_ID_CLIENTE) values ('91','23:52','Comiendo','Finalizado','Pasta carbonara(2),Pastel de jaiva (2)','93');
Insert into PORTAFOLIO1.ORDEN (ID,HORA_PEDIDO,HORA_PEDIDO_LISTO,ESTADO,PEDIDO,CLIENTE_ID_CLIENTE) values ('56','0:0','Comiendo','Finalizado','Pasta carbonara(1),Pastel de jaiva (1)','93');
Insert into PORTAFOLIO1.ORDEN (ID,HORA_PEDIDO,HORA_PEDIDO_LISTO,ESTADO,PEDIDO,CLIENTE_ID_CLIENTE) values ('52','1:56','Comiendo','Finalizado','Pastel de jaiva (1),Jugo Natural Selecciones(1)','17');
REM INSERTING into PORTAFOLIO1.PAGO
SET DEFINE OFF;
REM INSERTING into PORTAFOLIO1.PEDIDO_PROVEEDOR
SET DEFINE OFF;
Insert into PORTAFOLIO1.PEDIDO_PROVEEDOR (ID,PEDIDO,FECHA_PEDIDO,FECHA_ENTREGA,FINANZA_ID) values ('2P','Papa(20),Piña(20),Chirimoya(20),Frambuesa(20),Arverjas(10),','2021-12-06','2021-12-13','1F');
Insert into PORTAFOLIO1.PEDIDO_PROVEEDOR (ID,PEDIDO,FECHA_PEDIDO,FECHA_ENTREGA,FINANZA_ID) values ('3P','Cebolla(20),Choclo(10),','2021-12-06','2021-12-10','1F');
Insert into PORTAFOLIO1.PEDIDO_PROVEEDOR (ID,PEDIDO,FECHA_PEDIDO,FECHA_ENTREGA,FINANZA_ID) values ('4P','Tomate(50)','2021-12-06','2021-12-09','1F');
Insert into PORTAFOLIO1.PEDIDO_PROVEEDOR (ID,PEDIDO,FECHA_PEDIDO,FECHA_ENTREGA,FINANZA_ID) values ('1P','Palta(20),Tomate(20)','2021-12-06','2021-11-30','1F');
Insert into PORTAFOLIO1.PEDIDO_PROVEEDOR (ID,PEDIDO,FECHA_PEDIDO,FECHA_ENTREGA,FINANZA_ID) values ('5P','Arroz(5),Salsa de tomate(20),Esparragos(10),Canelones(20),Espirales(10),','2021-12-05','2021-12-19','1F');
REM INSERTING into PORTAFOLIO1.PLATO
SET DEFINE OFF;
Insert into PORTAFOLIO1.PLATO (ID,NOMBRE,STOCK,TIPO,PRECIO,MENU_ID,COCINA_ID) values ('2P','Pastel de papa','20','Principal','4250','1','1C');
Insert into PORTAFOLIO1.PLATO (ID,NOMBRE,STOCK,TIPO,PRECIO,MENU_ID,COCINA_ID) values ('1P','Pasta carbonara','10','Principal','5600','2','1C');
Insert into PORTAFOLIO1.PLATO (ID,NOMBRE,STOCK,TIPO,PRECIO,MENU_ID,COCINA_ID) values ('5P','Pastel de jaiva ','20','Principal','4390','2','2C');
Insert into PORTAFOLIO1.PLATO (ID,NOMBRE,STOCK,TIPO,PRECIO,MENU_ID,COCINA_ID) values ('6P','Papas Fritas ','100','Acompañante','1200','1','1C');
Insert into PORTAFOLIO1.PLATO (ID,NOMBRE,STOCK,TIPO,PRECIO,MENU_ID,COCINA_ID) values ('7P','Bebida CocaCola','100','Bebida','890','1','1C');
Insert into PORTAFOLIO1.PLATO (ID,NOMBRE,STOCK,TIPO,PRECIO,MENU_ID,COCINA_ID) values ('8P','Bebida CCU','100','Bebida','790','1','2C');
Insert into PORTAFOLIO1.PLATO (ID,NOMBRE,STOCK,TIPO,PRECIO,MENU_ID,COCINA_ID) values ('9P','Jugo Natural Selecciones','100','Bebida','1200','1','2C');
Insert into PORTAFOLIO1.PLATO (ID,NOMBRE,STOCK,TIPO,PRECIO,MENU_ID,COCINA_ID) values ('3P','Cazuela de pollo','10','Principal','5200','2','2C');
Insert into PORTAFOLIO1.PLATO (ID,NOMBRE,STOCK,TIPO,PRECIO,MENU_ID,COCINA_ID) values ('4P','Lazzana','12','Principal','5400','2','1C');
REM INSERTING into PORTAFOLIO1.RESERVA
SET DEFINE OFF;
Insert into PORTAFOLIO1.RESERVA (ID_RESERVA,FECHA_HORA,CANTIDAD_PERSONAS,CLIENTE_ID_CLIENTE,MESA_ID) values ('4','2021-12-23 14:45','2','17','5M');
REM INSERTING into PORTAFOLIO1.USUARIO
SET DEFINE OFF;
Insert into PORTAFOLIO1.USUARIO (ID,USERNAME,PASSWORD,TIPO) values ('1','Ricardo','123','Administrador');
Insert into PORTAFOLIO1.USUARIO (ID,USERNAME,PASSWORD,TIPO) values ('2','Diego','123','Bodega');
Insert into PORTAFOLIO1.USUARIO (ID,USERNAME,PASSWORD,TIPO) values ('3','Caro','123','Finanza');
Insert into PORTAFOLIO1.USUARIO (ID,USERNAME,PASSWORD,TIPO) values ('4','Conny','123','Cocina');
REM INSERTING into PORTAFOLIO1.USUARIO_BODEGA
SET DEFINE OFF;
Insert into PORTAFOLIO1.USUARIO_BODEGA (ID,NOMBRE,APELLIDO) values ('1B','Alberto','Casas');
--------------------------------------------------------
--  DDL for Index ADMINISTRADOR_PK
--------------------------------------------------------

  CREATE UNIQUE INDEX "PORTAFOLIO1"."ADMINISTRADOR_PK" ON "PORTAFOLIO1"."ADMINISTRADOR" ("ID") 
  PCTFREE 10 INITRANS 2 MAXTRANS 255 COMPUTE STATISTICS 
  TABLESPACE "USERS" ;
--------------------------------------------------------
--  DDL for Index BODEGA__IDX
--------------------------------------------------------

  CREATE INDEX "PORTAFOLIO1"."BODEGA__IDX" ON "PORTAFOLIO1"."BODEGA" ("USUARIO_BODEGA_ID") 
  PCTFREE 10 INITRANS 2 MAXTRANS 255 COMPUTE STATISTICS 
  STORAGE(INITIAL 65536 NEXT 1048576 MINEXTENTS 1 MAXEXTENTS 2147483645
  PCTINCREASE 0 FREELISTS 1 FREELIST GROUPS 1
  BUFFER_POOL DEFAULT FLASH_CACHE DEFAULT CELL_FLASH_CACHE DEFAULT)
  TABLESPACE "USERS" ;
--------------------------------------------------------
--  DDL for Index BODEGA_PK
--------------------------------------------------------

  CREATE UNIQUE INDEX "PORTAFOLIO1"."BODEGA_PK" ON "PORTAFOLIO1"."BODEGA" ("SKU") 
  PCTFREE 10 INITRANS 2 MAXTRANS 255 COMPUTE STATISTICS 
  STORAGE(INITIAL 65536 NEXT 1048576 MINEXTENTS 1 MAXEXTENTS 2147483645
  PCTINCREASE 0 FREELISTS 1 FREELIST GROUPS 1
  BUFFER_POOL DEFAULT FLASH_CACHE DEFAULT CELL_FLASH_CACHE DEFAULT)
  TABLESPACE "USERS" ;
--------------------------------------------------------
--  DDL for Index CAJA__IDX
--------------------------------------------------------

  CREATE INDEX "PORTAFOLIO1"."CAJA__IDX" ON "PORTAFOLIO1"."CAJA" ("FINANZA_ID") 
  PCTFREE 10 INITRANS 2 MAXTRANS 255 COMPUTE STATISTICS 
  STORAGE(INITIAL 65536 NEXT 1048576 MINEXTENTS 1 MAXEXTENTS 2147483645
  PCTINCREASE 0 FREELISTS 1 FREELIST GROUPS 1
  BUFFER_POOL DEFAULT FLASH_CACHE DEFAULT CELL_FLASH_CACHE DEFAULT)
  TABLESPACE "USERS" ;
--------------------------------------------------------
--  DDL for Index CAJA_PK
--------------------------------------------------------

  CREATE UNIQUE INDEX "PORTAFOLIO1"."CAJA_PK" ON "PORTAFOLIO1"."CAJA" ("ID") 
  PCTFREE 10 INITRANS 2 MAXTRANS 255 COMPUTE STATISTICS 
  STORAGE(INITIAL 65536 NEXT 1048576 MINEXTENTS 1 MAXEXTENTS 2147483645
  PCTINCREASE 0 FREELISTS 1 FREELIST GROUPS 1
  BUFFER_POOL DEFAULT FLASH_CACHE DEFAULT CELL_FLASH_CACHE DEFAULT)
  TABLESPACE "USERS" ;
--------------------------------------------------------
--  DDL for Index CLIENTE_PK
--------------------------------------------------------

  CREATE UNIQUE INDEX "PORTAFOLIO1"."CLIENTE_PK" ON "PORTAFOLIO1"."CLIENTE" ("ID_CLIENTE") 
  PCTFREE 10 INITRANS 2 MAXTRANS 255 COMPUTE STATISTICS 
  STORAGE(INITIAL 65536 NEXT 1048576 MINEXTENTS 1 MAXEXTENTS 2147483645
  PCTINCREASE 0 FREELISTS 1 FREELIST GROUPS 1
  BUFFER_POOL DEFAULT FLASH_CACHE DEFAULT CELL_FLASH_CACHE DEFAULT)
  TABLESPACE "USERS" ;
--------------------------------------------------------
--  DDL for Index COCINA_PK
--------------------------------------------------------

  CREATE UNIQUE INDEX "PORTAFOLIO1"."COCINA_PK" ON "PORTAFOLIO1"."COCINA" ("ID") 
  PCTFREE 10 INITRANS 2 MAXTRANS 255 COMPUTE STATISTICS 
  STORAGE(INITIAL 65536 NEXT 1048576 MINEXTENTS 1 MAXEXTENTS 2147483645
  PCTINCREASE 0 FREELISTS 1 FREELIST GROUPS 1
  BUFFER_POOL DEFAULT FLASH_CACHE DEFAULT CELL_FLASH_CACHE DEFAULT)
  TABLESPACE "USERS" ;
--------------------------------------------------------
--  DDL for Index DETALLE_PAGO__IDX
--------------------------------------------------------

  CREATE UNIQUE INDEX "PORTAFOLIO1"."DETALLE_PAGO__IDX" ON "PORTAFOLIO1"."DETALLE_PAGO" ("PAGO_ID") 
  PCTFREE 10 INITRANS 2 MAXTRANS 255 COMPUTE STATISTICS 
  TABLESPACE "USERS" ;
--------------------------------------------------------
--  DDL for Index DETALLE_PAGO_PK
--------------------------------------------------------

  CREATE UNIQUE INDEX "PORTAFOLIO1"."DETALLE_PAGO_PK" ON "PORTAFOLIO1"."DETALLE_PAGO" ("ID") 
  PCTFREE 10 INITRANS 2 MAXTRANS 255 COMPUTE STATISTICS 
  TABLESPACE "USERS" ;
--------------------------------------------------------
--  DDL for Index FINANZA_PK
--------------------------------------------------------

  CREATE UNIQUE INDEX "PORTAFOLIO1"."FINANZA_PK" ON "PORTAFOLIO1"."FINANZA" ("ID") 
  PCTFREE 10 INITRANS 2 MAXTRANS 255 COMPUTE STATISTICS 
  STORAGE(INITIAL 65536 NEXT 1048576 MINEXTENTS 1 MAXEXTENTS 2147483645
  PCTINCREASE 0 FREELISTS 1 FREELIST GROUPS 1
  BUFFER_POOL DEFAULT FLASH_CACHE DEFAULT CELL_FLASH_CACHE DEFAULT)
  TABLESPACE "USERS" ;
--------------------------------------------------------
--  DDL for Index GARZON_PK
--------------------------------------------------------

  CREATE UNIQUE INDEX "PORTAFOLIO1"."GARZON_PK" ON "PORTAFOLIO1"."GARZON" ("ID") 
  PCTFREE 10 INITRANS 2 MAXTRANS 255 COMPUTE STATISTICS 
  STORAGE(INITIAL 65536 NEXT 1048576 MINEXTENTS 1 MAXEXTENTS 2147483645
  PCTINCREASE 0 FREELISTS 1 FREELIST GROUPS 1
  BUFFER_POOL DEFAULT FLASH_CACHE DEFAULT CELL_FLASH_CACHE DEFAULT)
  TABLESPACE "USERS" ;
--------------------------------------------------------
--  DDL for Index MENU_PK
--------------------------------------------------------

  CREATE UNIQUE INDEX "PORTAFOLIO1"."MENU_PK" ON "PORTAFOLIO1"."MENU" ("ID") 
  PCTFREE 10 INITRANS 2 MAXTRANS 255 COMPUTE STATISTICS 
  STORAGE(INITIAL 65536 NEXT 1048576 MINEXTENTS 1 MAXEXTENTS 2147483645
  PCTINCREASE 0 FREELISTS 1 FREELIST GROUPS 1
  BUFFER_POOL DEFAULT FLASH_CACHE DEFAULT CELL_FLASH_CACHE DEFAULT)
  TABLESPACE "USERS" ;
--------------------------------------------------------
--  DDL for Index MESA_PK
--------------------------------------------------------

  CREATE UNIQUE INDEX "PORTAFOLIO1"."MESA_PK" ON "PORTAFOLIO1"."MESA" ("ID") 
  PCTFREE 10 INITRANS 2 MAXTRANS 255 COMPUTE STATISTICS 
  STORAGE(INITIAL 65536 NEXT 1048576 MINEXTENTS 1 MAXEXTENTS 2147483645
  PCTINCREASE 0 FREELISTS 1 FREELIST GROUPS 1
  BUFFER_POOL DEFAULT FLASH_CACHE DEFAULT CELL_FLASH_CACHE DEFAULT)
  TABLESPACE "USERS" ;
--------------------------------------------------------
--  DDL for Index ORDEN_PK
--------------------------------------------------------

  CREATE UNIQUE INDEX "PORTAFOLIO1"."ORDEN_PK" ON "PORTAFOLIO1"."ORDEN" ("ID") 
  PCTFREE 10 INITRANS 2 MAXTRANS 255 COMPUTE STATISTICS 
  STORAGE(INITIAL 65536 NEXT 1048576 MINEXTENTS 1 MAXEXTENTS 2147483645
  PCTINCREASE 0 FREELISTS 1 FREELIST GROUPS 1
  BUFFER_POOL DEFAULT FLASH_CACHE DEFAULT CELL_FLASH_CACHE DEFAULT)
  TABLESPACE "USERS" ;
--------------------------------------------------------
--  DDL for Index PAGO_PK
--------------------------------------------------------

  CREATE UNIQUE INDEX "PORTAFOLIO1"."PAGO_PK" ON "PORTAFOLIO1"."PAGO" ("ID") 
  PCTFREE 10 INITRANS 2 MAXTRANS 255 COMPUTE STATISTICS 
  TABLESPACE "USERS" ;
--------------------------------------------------------
--  DDL for Index PEDIDO_PROVEEDOR_PK
--------------------------------------------------------

  CREATE UNIQUE INDEX "PORTAFOLIO1"."PEDIDO_PROVEEDOR_PK" ON "PORTAFOLIO1"."PEDIDO_PROVEEDOR" ("ID") 
  PCTFREE 10 INITRANS 2 MAXTRANS 255 COMPUTE STATISTICS 
  STORAGE(INITIAL 65536 NEXT 1048576 MINEXTENTS 1 MAXEXTENTS 2147483645
  PCTINCREASE 0 FREELISTS 1 FREELIST GROUPS 1
  BUFFER_POOL DEFAULT FLASH_CACHE DEFAULT CELL_FLASH_CACHE DEFAULT)
  TABLESPACE "USERS" ;
--------------------------------------------------------
--  DDL for Index PLATOS_PK
--------------------------------------------------------

  CREATE UNIQUE INDEX "PORTAFOLIO1"."PLATOS_PK" ON "PORTAFOLIO1"."PLATO" ("ID") 
  PCTFREE 10 INITRANS 2 MAXTRANS 255 COMPUTE STATISTICS 
  STORAGE(INITIAL 65536 NEXT 1048576 MINEXTENTS 1 MAXEXTENTS 2147483645
  PCTINCREASE 0 FREELISTS 1 FREELIST GROUPS 1
  BUFFER_POOL DEFAULT FLASH_CACHE DEFAULT CELL_FLASH_CACHE DEFAULT)
  TABLESPACE "USERS" ;
--------------------------------------------------------
--  DDL for Index RESERVA__IDX
--------------------------------------------------------

  CREATE UNIQUE INDEX "PORTAFOLIO1"."RESERVA__IDX" ON "PORTAFOLIO1"."RESERVA" ("CLIENTE_ID_CLIENTE") 
  PCTFREE 10 INITRANS 2 MAXTRANS 255 COMPUTE STATISTICS 
  STORAGE(INITIAL 65536 NEXT 1048576 MINEXTENTS 1 MAXEXTENTS 2147483645
  PCTINCREASE 0 FREELISTS 1 FREELIST GROUPS 1
  BUFFER_POOL DEFAULT FLASH_CACHE DEFAULT CELL_FLASH_CACHE DEFAULT)
  TABLESPACE "USERS" ;
--------------------------------------------------------
--  DDL for Index RESERVA__IDXV1
--------------------------------------------------------

  CREATE UNIQUE INDEX "PORTAFOLIO1"."RESERVA__IDXV1" ON "PORTAFOLIO1"."RESERVA" ("MESA_ID") 
  PCTFREE 10 INITRANS 2 MAXTRANS 255 COMPUTE STATISTICS 
  STORAGE(INITIAL 65536 NEXT 1048576 MINEXTENTS 1 MAXEXTENTS 2147483645
  PCTINCREASE 0 FREELISTS 1 FREELIST GROUPS 1
  BUFFER_POOL DEFAULT FLASH_CACHE DEFAULT CELL_FLASH_CACHE DEFAULT)
  TABLESPACE "USERS" ;
--------------------------------------------------------
--  DDL for Index RESERVA_PK
--------------------------------------------------------

  CREATE UNIQUE INDEX "PORTAFOLIO1"."RESERVA_PK" ON "PORTAFOLIO1"."RESERVA" ("ID_RESERVA") 
  PCTFREE 10 INITRANS 2 MAXTRANS 255 COMPUTE STATISTICS 
  STORAGE(INITIAL 65536 NEXT 1048576 MINEXTENTS 1 MAXEXTENTS 2147483645
  PCTINCREASE 0 FREELISTS 1 FREELIST GROUPS 1
  BUFFER_POOL DEFAULT FLASH_CACHE DEFAULT CELL_FLASH_CACHE DEFAULT)
  TABLESPACE "USERS" ;
--------------------------------------------------------
--  DDL for Index USER_PK
--------------------------------------------------------

  CREATE UNIQUE INDEX "PORTAFOLIO1"."USER_PK" ON "PORTAFOLIO1"."USUARIO" ("ID") 
  PCTFREE 10 INITRANS 2 MAXTRANS 255 COMPUTE STATISTICS 
  STORAGE(INITIAL 65536 NEXT 1048576 MINEXTENTS 1 MAXEXTENTS 2147483645
  PCTINCREASE 0 FREELISTS 1 FREELIST GROUPS 1
  BUFFER_POOL DEFAULT FLASH_CACHE DEFAULT CELL_FLASH_CACHE DEFAULT)
  TABLESPACE "USERS" ;
--------------------------------------------------------
--  DDL for Index USUARIO_BODEGA_PK
--------------------------------------------------------

  CREATE UNIQUE INDEX "PORTAFOLIO1"."USUARIO_BODEGA_PK" ON "PORTAFOLIO1"."USUARIO_BODEGA" ("ID") 
  PCTFREE 10 INITRANS 2 MAXTRANS 255 COMPUTE STATISTICS 
  STORAGE(INITIAL 65536 NEXT 1048576 MINEXTENTS 1 MAXEXTENTS 2147483645
  PCTINCREASE 0 FREELISTS 1 FREELIST GROUPS 1
  BUFFER_POOL DEFAULT FLASH_CACHE DEFAULT CELL_FLASH_CACHE DEFAULT)
  TABLESPACE "USERS" ;
--------------------------------------------------------
--  DDL for Index ADMINISTRADOR_PK
--------------------------------------------------------

  CREATE UNIQUE INDEX "PORTAFOLIO1"."ADMINISTRADOR_PK" ON "PORTAFOLIO1"."ADMINISTRADOR" ("ID") 
  PCTFREE 10 INITRANS 2 MAXTRANS 255 COMPUTE STATISTICS 
  TABLESPACE "USERS" ;
--------------------------------------------------------
--  DDL for Index BODEGA__IDX
--------------------------------------------------------

  CREATE INDEX "PORTAFOLIO1"."BODEGA__IDX" ON "PORTAFOLIO1"."BODEGA" ("USUARIO_BODEGA_ID") 
  PCTFREE 10 INITRANS 2 MAXTRANS 255 COMPUTE STATISTICS 
  STORAGE(INITIAL 65536 NEXT 1048576 MINEXTENTS 1 MAXEXTENTS 2147483645
  PCTINCREASE 0 FREELISTS 1 FREELIST GROUPS 1
  BUFFER_POOL DEFAULT FLASH_CACHE DEFAULT CELL_FLASH_CACHE DEFAULT)
  TABLESPACE "USERS" ;
--------------------------------------------------------
--  DDL for Index BODEGA_PK
--------------------------------------------------------

  CREATE UNIQUE INDEX "PORTAFOLIO1"."BODEGA_PK" ON "PORTAFOLIO1"."BODEGA" ("SKU") 
  PCTFREE 10 INITRANS 2 MAXTRANS 255 COMPUTE STATISTICS 
  STORAGE(INITIAL 65536 NEXT 1048576 MINEXTENTS 1 MAXEXTENTS 2147483645
  PCTINCREASE 0 FREELISTS 1 FREELIST GROUPS 1
  BUFFER_POOL DEFAULT FLASH_CACHE DEFAULT CELL_FLASH_CACHE DEFAULT)
  TABLESPACE "USERS" ;
--------------------------------------------------------
--  DDL for Index CAJA__IDX
--------------------------------------------------------

  CREATE INDEX "PORTAFOLIO1"."CAJA__IDX" ON "PORTAFOLIO1"."CAJA" ("FINANZA_ID") 
  PCTFREE 10 INITRANS 2 MAXTRANS 255 COMPUTE STATISTICS 
  STORAGE(INITIAL 65536 NEXT 1048576 MINEXTENTS 1 MAXEXTENTS 2147483645
  PCTINCREASE 0 FREELISTS 1 FREELIST GROUPS 1
  BUFFER_POOL DEFAULT FLASH_CACHE DEFAULT CELL_FLASH_CACHE DEFAULT)
  TABLESPACE "USERS" ;
--------------------------------------------------------
--  DDL for Index CAJA_PK
--------------------------------------------------------

  CREATE UNIQUE INDEX "PORTAFOLIO1"."CAJA_PK" ON "PORTAFOLIO1"."CAJA" ("ID") 
  PCTFREE 10 INITRANS 2 MAXTRANS 255 COMPUTE STATISTICS 
  STORAGE(INITIAL 65536 NEXT 1048576 MINEXTENTS 1 MAXEXTENTS 2147483645
  PCTINCREASE 0 FREELISTS 1 FREELIST GROUPS 1
  BUFFER_POOL DEFAULT FLASH_CACHE DEFAULT CELL_FLASH_CACHE DEFAULT)
  TABLESPACE "USERS" ;
--------------------------------------------------------
--  DDL for Index CLIENTE_PK
--------------------------------------------------------

  CREATE UNIQUE INDEX "PORTAFOLIO1"."CLIENTE_PK" ON "PORTAFOLIO1"."CLIENTE" ("ID_CLIENTE") 
  PCTFREE 10 INITRANS 2 MAXTRANS 255 COMPUTE STATISTICS 
  STORAGE(INITIAL 65536 NEXT 1048576 MINEXTENTS 1 MAXEXTENTS 2147483645
  PCTINCREASE 0 FREELISTS 1 FREELIST GROUPS 1
  BUFFER_POOL DEFAULT FLASH_CACHE DEFAULT CELL_FLASH_CACHE DEFAULT)
  TABLESPACE "USERS" ;
--------------------------------------------------------
--  DDL for Index COCINA_PK
--------------------------------------------------------

  CREATE UNIQUE INDEX "PORTAFOLIO1"."COCINA_PK" ON "PORTAFOLIO1"."COCINA" ("ID") 
  PCTFREE 10 INITRANS 2 MAXTRANS 255 COMPUTE STATISTICS 
  STORAGE(INITIAL 65536 NEXT 1048576 MINEXTENTS 1 MAXEXTENTS 2147483645
  PCTINCREASE 0 FREELISTS 1 FREELIST GROUPS 1
  BUFFER_POOL DEFAULT FLASH_CACHE DEFAULT CELL_FLASH_CACHE DEFAULT)
  TABLESPACE "USERS" ;
--------------------------------------------------------
--  DDL for Index DETALLE_PAGO__IDX
--------------------------------------------------------

  CREATE UNIQUE INDEX "PORTAFOLIO1"."DETALLE_PAGO__IDX" ON "PORTAFOLIO1"."DETALLE_PAGO" ("PAGO_ID") 
  PCTFREE 10 INITRANS 2 MAXTRANS 255 COMPUTE STATISTICS 
  TABLESPACE "USERS" ;
--------------------------------------------------------
--  DDL for Index DETALLE_PAGO_PK
--------------------------------------------------------

  CREATE UNIQUE INDEX "PORTAFOLIO1"."DETALLE_PAGO_PK" ON "PORTAFOLIO1"."DETALLE_PAGO" ("ID") 
  PCTFREE 10 INITRANS 2 MAXTRANS 255 COMPUTE STATISTICS 
  TABLESPACE "USERS" ;
--------------------------------------------------------
--  DDL for Index FINANZA_PK
--------------------------------------------------------

  CREATE UNIQUE INDEX "PORTAFOLIO1"."FINANZA_PK" ON "PORTAFOLIO1"."FINANZA" ("ID") 
  PCTFREE 10 INITRANS 2 MAXTRANS 255 COMPUTE STATISTICS 
  STORAGE(INITIAL 65536 NEXT 1048576 MINEXTENTS 1 MAXEXTENTS 2147483645
  PCTINCREASE 0 FREELISTS 1 FREELIST GROUPS 1
  BUFFER_POOL DEFAULT FLASH_CACHE DEFAULT CELL_FLASH_CACHE DEFAULT)
  TABLESPACE "USERS" ;
--------------------------------------------------------
--  DDL for Index GARZON_PK
--------------------------------------------------------

  CREATE UNIQUE INDEX "PORTAFOLIO1"."GARZON_PK" ON "PORTAFOLIO1"."GARZON" ("ID") 
  PCTFREE 10 INITRANS 2 MAXTRANS 255 COMPUTE STATISTICS 
  STORAGE(INITIAL 65536 NEXT 1048576 MINEXTENTS 1 MAXEXTENTS 2147483645
  PCTINCREASE 0 FREELISTS 1 FREELIST GROUPS 1
  BUFFER_POOL DEFAULT FLASH_CACHE DEFAULT CELL_FLASH_CACHE DEFAULT)
  TABLESPACE "USERS" ;
--------------------------------------------------------
--  DDL for Index MENU_PK
--------------------------------------------------------

  CREATE UNIQUE INDEX "PORTAFOLIO1"."MENU_PK" ON "PORTAFOLIO1"."MENU" ("ID") 
  PCTFREE 10 INITRANS 2 MAXTRANS 255 COMPUTE STATISTICS 
  STORAGE(INITIAL 65536 NEXT 1048576 MINEXTENTS 1 MAXEXTENTS 2147483645
  PCTINCREASE 0 FREELISTS 1 FREELIST GROUPS 1
  BUFFER_POOL DEFAULT FLASH_CACHE DEFAULT CELL_FLASH_CACHE DEFAULT)
  TABLESPACE "USERS" ;
--------------------------------------------------------
--  DDL for Index MESA_PK
--------------------------------------------------------

  CREATE UNIQUE INDEX "PORTAFOLIO1"."MESA_PK" ON "PORTAFOLIO1"."MESA" ("ID") 
  PCTFREE 10 INITRANS 2 MAXTRANS 255 COMPUTE STATISTICS 
  STORAGE(INITIAL 65536 NEXT 1048576 MINEXTENTS 1 MAXEXTENTS 2147483645
  PCTINCREASE 0 FREELISTS 1 FREELIST GROUPS 1
  BUFFER_POOL DEFAULT FLASH_CACHE DEFAULT CELL_FLASH_CACHE DEFAULT)
  TABLESPACE "USERS" ;
--------------------------------------------------------
--  DDL for Index ORDEN_PK
--------------------------------------------------------

  CREATE UNIQUE INDEX "PORTAFOLIO1"."ORDEN_PK" ON "PORTAFOLIO1"."ORDEN" ("ID") 
  PCTFREE 10 INITRANS 2 MAXTRANS 255 COMPUTE STATISTICS 
  STORAGE(INITIAL 65536 NEXT 1048576 MINEXTENTS 1 MAXEXTENTS 2147483645
  PCTINCREASE 0 FREELISTS 1 FREELIST GROUPS 1
  BUFFER_POOL DEFAULT FLASH_CACHE DEFAULT CELL_FLASH_CACHE DEFAULT)
  TABLESPACE "USERS" ;
--------------------------------------------------------
--  DDL for Index PAGO_PK
--------------------------------------------------------

  CREATE UNIQUE INDEX "PORTAFOLIO1"."PAGO_PK" ON "PORTAFOLIO1"."PAGO" ("ID") 
  PCTFREE 10 INITRANS 2 MAXTRANS 255 COMPUTE STATISTICS 
  TABLESPACE "USERS" ;
--------------------------------------------------------
--  DDL for Index PEDIDO_PROVEEDOR_PK
--------------------------------------------------------

  CREATE UNIQUE INDEX "PORTAFOLIO1"."PEDIDO_PROVEEDOR_PK" ON "PORTAFOLIO1"."PEDIDO_PROVEEDOR" ("ID") 
  PCTFREE 10 INITRANS 2 MAXTRANS 255 COMPUTE STATISTICS 
  STORAGE(INITIAL 65536 NEXT 1048576 MINEXTENTS 1 MAXEXTENTS 2147483645
  PCTINCREASE 0 FREELISTS 1 FREELIST GROUPS 1
  BUFFER_POOL DEFAULT FLASH_CACHE DEFAULT CELL_FLASH_CACHE DEFAULT)
  TABLESPACE "USERS" ;
--------------------------------------------------------
--  DDL for Index PLATOS_PK
--------------------------------------------------------

  CREATE UNIQUE INDEX "PORTAFOLIO1"."PLATOS_PK" ON "PORTAFOLIO1"."PLATO" ("ID") 
  PCTFREE 10 INITRANS 2 MAXTRANS 255 COMPUTE STATISTICS 
  STORAGE(INITIAL 65536 NEXT 1048576 MINEXTENTS 1 MAXEXTENTS 2147483645
  PCTINCREASE 0 FREELISTS 1 FREELIST GROUPS 1
  BUFFER_POOL DEFAULT FLASH_CACHE DEFAULT CELL_FLASH_CACHE DEFAULT)
  TABLESPACE "USERS" ;
--------------------------------------------------------
--  DDL for Index RESERVA__IDX
--------------------------------------------------------

  CREATE UNIQUE INDEX "PORTAFOLIO1"."RESERVA__IDX" ON "PORTAFOLIO1"."RESERVA" ("CLIENTE_ID_CLIENTE") 
  PCTFREE 10 INITRANS 2 MAXTRANS 255 COMPUTE STATISTICS 
  STORAGE(INITIAL 65536 NEXT 1048576 MINEXTENTS 1 MAXEXTENTS 2147483645
  PCTINCREASE 0 FREELISTS 1 FREELIST GROUPS 1
  BUFFER_POOL DEFAULT FLASH_CACHE DEFAULT CELL_FLASH_CACHE DEFAULT)
  TABLESPACE "USERS" ;
--------------------------------------------------------
--  DDL for Index RESERVA__IDXV1
--------------------------------------------------------

  CREATE UNIQUE INDEX "PORTAFOLIO1"."RESERVA__IDXV1" ON "PORTAFOLIO1"."RESERVA" ("MESA_ID") 
  PCTFREE 10 INITRANS 2 MAXTRANS 255 COMPUTE STATISTICS 
  STORAGE(INITIAL 65536 NEXT 1048576 MINEXTENTS 1 MAXEXTENTS 2147483645
  PCTINCREASE 0 FREELISTS 1 FREELIST GROUPS 1
  BUFFER_POOL DEFAULT FLASH_CACHE DEFAULT CELL_FLASH_CACHE DEFAULT)
  TABLESPACE "USERS" ;
--------------------------------------------------------
--  DDL for Index RESERVA_PK
--------------------------------------------------------

  CREATE UNIQUE INDEX "PORTAFOLIO1"."RESERVA_PK" ON "PORTAFOLIO1"."RESERVA" ("ID_RESERVA") 
  PCTFREE 10 INITRANS 2 MAXTRANS 255 COMPUTE STATISTICS 
  STORAGE(INITIAL 65536 NEXT 1048576 MINEXTENTS 1 MAXEXTENTS 2147483645
  PCTINCREASE 0 FREELISTS 1 FREELIST GROUPS 1
  BUFFER_POOL DEFAULT FLASH_CACHE DEFAULT CELL_FLASH_CACHE DEFAULT)
  TABLESPACE "USERS" ;
--------------------------------------------------------
--  DDL for Index USER_PK
--------------------------------------------------------

  CREATE UNIQUE INDEX "PORTAFOLIO1"."USER_PK" ON "PORTAFOLIO1"."USUARIO" ("ID") 
  PCTFREE 10 INITRANS 2 MAXTRANS 255 COMPUTE STATISTICS 
  STORAGE(INITIAL 65536 NEXT 1048576 MINEXTENTS 1 MAXEXTENTS 2147483645
  PCTINCREASE 0 FREELISTS 1 FREELIST GROUPS 1
  BUFFER_POOL DEFAULT FLASH_CACHE DEFAULT CELL_FLASH_CACHE DEFAULT)
  TABLESPACE "USERS" ;
--------------------------------------------------------
--  DDL for Index USUARIO_BODEGA_PK
--------------------------------------------------------

  CREATE UNIQUE INDEX "PORTAFOLIO1"."USUARIO_BODEGA_PK" ON "PORTAFOLIO1"."USUARIO_BODEGA" ("ID") 
  PCTFREE 10 INITRANS 2 MAXTRANS 255 COMPUTE STATISTICS 
  STORAGE(INITIAL 65536 NEXT 1048576 MINEXTENTS 1 MAXEXTENTS 2147483645
  PCTINCREASE 0 FREELISTS 1 FREELIST GROUPS 1
  BUFFER_POOL DEFAULT FLASH_CACHE DEFAULT CELL_FLASH_CACHE DEFAULT)
  TABLESPACE "USERS" ;
--------------------------------------------------------
--  DDL for Procedure SP_CALCULARCAJA
--------------------------------------------------------
set define off;

  CREATE OR REPLACE NONEDITIONABLE PROCEDURE "PORTAFOLIO1"."SP_CALCULARCAJA" (v_id in varchar2,v_saldoInicial in number,v_saldoFinal in number, v_calculo out number)
is 
begin
select saldo_inicial, saldo_final into v_saldoInicial,v_saldoFinal  from caja where id = v_id;

v_calculo := v_saldoFinal-v_saldoInicial;

end;

/
--------------------------------------------------------
--  DDL for Procedure SP_CERRARCAJA
--------------------------------------------------------
set define off;

  CREATE OR REPLACE NONEDITIONABLE PROCEDURE "PORTAFOLIO1"."SP_CERRARCAJA" (v_id in varchar2,v_fechaFinal in varchar2,v_saldoFinal in number)
is 
begin 

UPDATE caja SET  estado = 'Cerrada', fechah_final = v_fechaFinal, saldo_final = v_saldoFinal  WHERE id = v_id;

end;

/
--------------------------------------------------------
--  DDL for Procedure SP_CERRARPEDIDO
--------------------------------------------------------
set define off;

  CREATE OR REPLACE NONEDITIONABLE PROCEDURE "PORTAFOLIO1"."SP_CERRARPEDIDO" (v_id in number)
is 
begin 

UPDATE ORDEN SET  estado = 'Finalizado' WHERE id = v_id;

end;

/
--------------------------------------------------------
--  DDL for Procedure SP_DELETEBODEGA
--------------------------------------------------------
set define off;

  CREATE OR REPLACE NONEDITIONABLE PROCEDURE "PORTAFOLIO1"."SP_DELETEBODEGA" (v_sku varchar2)
is 
begin 
delete from bodega where sku = v_sku;
end;

/
--------------------------------------------------------
--  DDL for Procedure SP_DELETECLIENTE
--------------------------------------------------------
set define off;

  CREATE OR REPLACE NONEDITIONABLE PROCEDURE "PORTAFOLIO1"."SP_DELETECLIENTE" (v_id varchar2)
is 
begin 
delete from cliente where id_cliente = v_id;
end;

/
--------------------------------------------------------
--  DDL for Procedure SP_DELETEMESA
--------------------------------------------------------
set define off;

  CREATE OR REPLACE NONEDITIONABLE PROCEDURE "PORTAFOLIO1"."SP_DELETEMESA" (v_id varchar2)
is 
begin 
delete from mesa where id = v_id;
end;

/
--------------------------------------------------------
--  DDL for Procedure SP_DELETEPLATO
--------------------------------------------------------
set define off;

  CREATE OR REPLACE NONEDITIONABLE PROCEDURE "PORTAFOLIO1"."SP_DELETEPLATO" (v_id varchar2)
is 
begin 
delete from plato where id = v_id;
end;

/
--------------------------------------------------------
--  DDL for Procedure SP_DELETEPROVEEDOR
--------------------------------------------------------
set define off;

  CREATE OR REPLACE NONEDITIONABLE PROCEDURE "PORTAFOLIO1"."SP_DELETEPROVEEDOR" (v_id varchar2)
is 
begin 
delete from pedido_proveedor where id = v_id;
end;

/
--------------------------------------------------------
--  DDL for Procedure SP_INSERTARBODEGA
--------------------------------------------------------
set define off;

  CREATE OR REPLACE NONEDITIONABLE PROCEDURE "PORTAFOLIO1"."SP_INSERTARBODEGA" (v_sku in varchar2,v_marca in varchar2,v_stock in number,v_detalle in varchar2,v_nombre in varchar2,v_idUsuario varchar2)
is 
begin 
insert into bodega values (v_sku,v_marca,v_stock,v_detalle,v_idUsuario,v_nombre);
end;

/
--------------------------------------------------------
--  DDL for Procedure SP_INSERTARCAJA
--------------------------------------------------------
set define off;

  CREATE OR REPLACE NONEDITIONABLE PROCEDURE "PORTAFOLIO1"."SP_INSERTARCAJA" (v_id in varchar2,v_fechaInicio in varchar2,v_fechaFinal in varchar2,v_estado in varchar2,v_saldoInicial in number,v_saldoFinal in number,v_encargadoId in varchar2)
is 
begin 
insert into caja values (v_id,v_fechaInicio,v_fechaFinal,v_estado,v_saldoInicial,v_saldoFinal,v_encargadoId);
end;

/
--------------------------------------------------------
--  DDL for Procedure SP_INSERTARCLIENTE
--------------------------------------------------------
set define off;

  CREATE OR REPLACE NONEDITIONABLE PROCEDURE "PORTAFOLIO1"."SP_INSERTARCLIENTE" (v_id varchar2, v_nombre varchar2,v_apellido varchar2,v_rut varchar2,v_email varchar2,v_telefono varchar2)
is
begin
insert into cliente values(v_id,v_nombre,v_apellido,v_rut,v_email,v_telefono);
end;

/
--------------------------------------------------------
--  DDL for Procedure SP_INSERTARMESA
--------------------------------------------------------
set define off;

  CREATE OR REPLACE NONEDITIONABLE PROCEDURE "PORTAFOLIO1"."SP_INSERTARMESA" (v_id in varchar2,v_garzon in varchar2,v_sillas in number,v_zona in varchar2,v_id_garzon in varchar2)
is 
begin 
insert into mesa values (v_id,v_garzon,v_sillas,v_zona,v_id_garzon,'Disponible');
end;

/
--------------------------------------------------------
--  DDL for Procedure SP_INSERTARORDEN
--------------------------------------------------------
set define off;

  CREATE OR REPLACE NONEDITIONABLE PROCEDURE "PORTAFOLIO1"."SP_INSERTARORDEN" (v_id in number,v_horaPedido in varchar2,v_pedido in varchar2,v_idCliente in varchar2)
is 
begin 
insert into orden values (v_id,v_horaPedido,'Comiendo','En proceso',v_pedido,v_idCliente);
end;

/
--------------------------------------------------------
--  DDL for Procedure SP_INSERTARPLATO
--------------------------------------------------------
set define off;

  CREATE OR REPLACE NONEDITIONABLE PROCEDURE "PORTAFOLIO1"."SP_INSERTARPLATO" (v_id in varchar2,v_nombre in varchar2,v_stock in number,v_tipo in varchar2,v_precio in number,v_menuid in varchar2,v_cocinaid in varchar2)
is 
begin 
insert into plato values (v_id ,v_nombre ,v_stock ,v_tipo ,v_precio ,v_menuid ,v_cocinaid);
end;

/
--------------------------------------------------------
--  DDL for Procedure SP_INSERTARPROVEEDOR
--------------------------------------------------------
set define off;

  CREATE OR REPLACE NONEDITIONABLE PROCEDURE "PORTAFOLIO1"."SP_INSERTARPROVEEDOR" (v_id in varchar2,v_pedido in varchar2,v_fecha in varchar2,v_fechaEntrega in varchar2,v_idFinanza in varchar2)
is 
begin 
insert into pedido_proveedor values (v_id,v_pedido,v_fecha,v_fechaEntrega,v_idFinanza);
end;

/
--------------------------------------------------------
--  DDL for Procedure SP_INSERTARRESERVA
--------------------------------------------------------
set define off;

  CREATE OR REPLACE NONEDITIONABLE PROCEDURE "PORTAFOLIO1"."SP_INSERTARRESERVA" (
v_idReserva in number,
v_fechaHora in varchar2,
v_cantidad in number,
v_idCliente in varchar2,
v_mesaId in varchar2)
is 
begin 
insert into reserva values(v_idReserva,v_fechaHora,v_cantidad,v_idCliente,v_mesaId);
UPDATE mesa SET  estado = 'Ocupada'  WHERE id = v_mesaId;
end;

/
--------------------------------------------------------
--  DDL for Procedure SP_UPDATEBODEGA
--------------------------------------------------------
set define off;

  CREATE OR REPLACE NONEDITIONABLE PROCEDURE "PORTAFOLIO1"."SP_UPDATEBODEGA" (v_sku in varchar2,v_marca in varchar2,v_stock in number,v_detalle in varchar2,v_nombre in varchar2,v_idUsuario varchar2)
is 
begin 

UPDATE bodega SET  marca = v_marca, stock = v_stock, detalle = v_detalle,usuario_bodega_id = v_idUsuario WHERE sku=v_sku;

end;

/
--------------------------------------------------------
--  DDL for Procedure SP_UPDATECLIENTE
--------------------------------------------------------
set define off;

  CREATE OR REPLACE NONEDITIONABLE PROCEDURE "PORTAFOLIO1"."SP_UPDATECLIENTE" (v_nombre varchar2,v_apellido varchar2,v_rut varchar2,v_email varchar2,v_telefono varchar2,v_id varchar2)
is 
begin 

UPDATE cliente SET nombres = v_nombre , apellidos = v_apellido, rut = v_rut,  email = v_email, telefono = v_telefono WHERE id_cliente = v_id;

end;

/
--------------------------------------------------------
--  DDL for Procedure SP_UPDATEESTADOMESA
--------------------------------------------------------
set define off;

  CREATE OR REPLACE NONEDITIONABLE PROCEDURE "PORTAFOLIO1"."SP_UPDATEESTADOMESA" (v_id in varchar2)
is 
begin 

UPDATE mesa SET  estado = 'Ocupada'  WHERE id = v_id;

end;

/
--------------------------------------------------------
--  DDL for Procedure SP_UPDATEMESA
--------------------------------------------------------
set define off;

  CREATE OR REPLACE NONEDITIONABLE PROCEDURE "PORTAFOLIO1"."SP_UPDATEMESA" (v_id in varchar2,v_garzon in varchar2,v_sillas in number,v_zona in varchar2,v_id_garzon in varchar2, v_estado in  varchar2)
is 
begin 

UPDATE mesa SET  camarero = v_garzon, sillas = v_sillas, zona = v_zona,garzon_id = v_id_garzon, estado = v_estado WHERE id=v_id;

end;

/
--------------------------------------------------------
--  DDL for Procedure SP_UPDATEPLATO
--------------------------------------------------------
set define off;

  CREATE OR REPLACE NONEDITIONABLE PROCEDURE "PORTAFOLIO1"."SP_UPDATEPLATO" (v_id in varchar2,v_nombre in varchar2,v_stock in number,v_tipo in varchar2,v_precio in number,v_menuid in varchar2,v_cocinaid in varchar2)
is
begin 
update plato set nombre = v_nombre ,stock = v_stock ,tipo = v_tipo ,precio = v_precio ,menu_id = v_menuid ,cocina_id = v_cocinaid where id = v_id;
end;

/
--------------------------------------------------------
--  DDL for Procedure SP_UPDATEPROVEEDOR
--------------------------------------------------------
set define off;

  CREATE OR REPLACE NONEDITIONABLE PROCEDURE "PORTAFOLIO1"."SP_UPDATEPROVEEDOR" (v_id in varchar2,v_pedido in varchar2,v_fecha in varchar2,v_fechaEntrega in varchar2, v_finanza in varchar2 )
is 
begin 

UPDATE pedido_proveedor SET  pedido = v_pedido, fecha_pedido = v_fecha, fecha_entrega = v_fechaEntrega, finanza_id = v_finanza WHERE id=v_id;

end;

/
--------------------------------------------------------
--  Constraints for Table ADMINISTRADOR
--------------------------------------------------------

  ALTER TABLE "PORTAFOLIO1"."ADMINISTRADOR" MODIFY ("ID" NOT NULL ENABLE);
  ALTER TABLE "PORTAFOLIO1"."ADMINISTRADOR" ADD CONSTRAINT "ADMINISTRADOR_PK" PRIMARY KEY ("ID")
  USING INDEX PCTFREE 10 INITRANS 2 MAXTRANS 255 COMPUTE STATISTICS 
  TABLESPACE "USERS"  ENABLE;
--------------------------------------------------------
--  Constraints for Table BODEGA
--------------------------------------------------------

  ALTER TABLE "PORTAFOLIO1"."BODEGA" MODIFY ("SKU" NOT NULL ENABLE);
  ALTER TABLE "PORTAFOLIO1"."BODEGA" MODIFY ("USUARIO_BODEGA_ID" NOT NULL ENABLE);
  ALTER TABLE "PORTAFOLIO1"."BODEGA" ADD CONSTRAINT "BODEGA_PK" PRIMARY KEY ("SKU")
  USING INDEX PCTFREE 10 INITRANS 2 MAXTRANS 255 COMPUTE STATISTICS 
  STORAGE(INITIAL 65536 NEXT 1048576 MINEXTENTS 1 MAXEXTENTS 2147483645
  PCTINCREASE 0 FREELISTS 1 FREELIST GROUPS 1
  BUFFER_POOL DEFAULT FLASH_CACHE DEFAULT CELL_FLASH_CACHE DEFAULT)
  TABLESPACE "USERS"  ENABLE;
--------------------------------------------------------
--  Constraints for Table CAJA
--------------------------------------------------------

  ALTER TABLE "PORTAFOLIO1"."CAJA" MODIFY ("ID" NOT NULL ENABLE);
  ALTER TABLE "PORTAFOLIO1"."CAJA" MODIFY ("FINANZA_ID" NOT NULL ENABLE);
  ALTER TABLE "PORTAFOLIO1"."CAJA" ADD CONSTRAINT "CAJA_PK" PRIMARY KEY ("ID")
  USING INDEX PCTFREE 10 INITRANS 2 MAXTRANS 255 COMPUTE STATISTICS 
  STORAGE(INITIAL 65536 NEXT 1048576 MINEXTENTS 1 MAXEXTENTS 2147483645
  PCTINCREASE 0 FREELISTS 1 FREELIST GROUPS 1
  BUFFER_POOL DEFAULT FLASH_CACHE DEFAULT CELL_FLASH_CACHE DEFAULT)
  TABLESPACE "USERS"  ENABLE;
--------------------------------------------------------
--  Constraints for Table CLIENTE
--------------------------------------------------------

  ALTER TABLE "PORTAFOLIO1"."CLIENTE" MODIFY ("ID_CLIENTE" NOT NULL ENABLE);
  ALTER TABLE "PORTAFOLIO1"."CLIENTE" ADD CONSTRAINT "CLIENTE_PK" PRIMARY KEY ("ID_CLIENTE")
  USING INDEX PCTFREE 10 INITRANS 2 MAXTRANS 255 COMPUTE STATISTICS 
  STORAGE(INITIAL 65536 NEXT 1048576 MINEXTENTS 1 MAXEXTENTS 2147483645
  PCTINCREASE 0 FREELISTS 1 FREELIST GROUPS 1
  BUFFER_POOL DEFAULT FLASH_CACHE DEFAULT CELL_FLASH_CACHE DEFAULT)
  TABLESPACE "USERS"  ENABLE;
--------------------------------------------------------
--  Constraints for Table COCINA
--------------------------------------------------------

  ALTER TABLE "PORTAFOLIO1"."COCINA" MODIFY ("ID" NOT NULL ENABLE);
  ALTER TABLE "PORTAFOLIO1"."COCINA" ADD CONSTRAINT "COCINA_PK" PRIMARY KEY ("ID")
  USING INDEX PCTFREE 10 INITRANS 2 MAXTRANS 255 COMPUTE STATISTICS 
  STORAGE(INITIAL 65536 NEXT 1048576 MINEXTENTS 1 MAXEXTENTS 2147483645
  PCTINCREASE 0 FREELISTS 1 FREELIST GROUPS 1
  BUFFER_POOL DEFAULT FLASH_CACHE DEFAULT CELL_FLASH_CACHE DEFAULT)
  TABLESPACE "USERS"  ENABLE;
--------------------------------------------------------
--  Constraints for Table DETALLE_PAGO
--------------------------------------------------------

  ALTER TABLE "PORTAFOLIO1"."DETALLE_PAGO" MODIFY ("ID" NOT NULL ENABLE);
  ALTER TABLE "PORTAFOLIO1"."DETALLE_PAGO" MODIFY ("PAGO_ID" NOT NULL ENABLE);
  ALTER TABLE "PORTAFOLIO1"."DETALLE_PAGO" ADD CONSTRAINT "DETALLE_PAGO_PK" PRIMARY KEY ("ID")
  USING INDEX PCTFREE 10 INITRANS 2 MAXTRANS 255 COMPUTE STATISTICS 
  TABLESPACE "USERS"  ENABLE;
--------------------------------------------------------
--  Constraints for Table FINANZA
--------------------------------------------------------

  ALTER TABLE "PORTAFOLIO1"."FINANZA" MODIFY ("ID" NOT NULL ENABLE);
  ALTER TABLE "PORTAFOLIO1"."FINANZA" ADD CONSTRAINT "FINANZA_PK" PRIMARY KEY ("ID")
  USING INDEX PCTFREE 10 INITRANS 2 MAXTRANS 255 COMPUTE STATISTICS 
  STORAGE(INITIAL 65536 NEXT 1048576 MINEXTENTS 1 MAXEXTENTS 2147483645
  PCTINCREASE 0 FREELISTS 1 FREELIST GROUPS 1
  BUFFER_POOL DEFAULT FLASH_CACHE DEFAULT CELL_FLASH_CACHE DEFAULT)
  TABLESPACE "USERS"  ENABLE;
--------------------------------------------------------
--  Constraints for Table GARZON
--------------------------------------------------------

  ALTER TABLE "PORTAFOLIO1"."GARZON" MODIFY ("ID" NOT NULL ENABLE);
  ALTER TABLE "PORTAFOLIO1"."GARZON" ADD CONSTRAINT "GARZON_PK" PRIMARY KEY ("ID")
  USING INDEX PCTFREE 10 INITRANS 2 MAXTRANS 255 COMPUTE STATISTICS 
  STORAGE(INITIAL 65536 NEXT 1048576 MINEXTENTS 1 MAXEXTENTS 2147483645
  PCTINCREASE 0 FREELISTS 1 FREELIST GROUPS 1
  BUFFER_POOL DEFAULT FLASH_CACHE DEFAULT CELL_FLASH_CACHE DEFAULT)
  TABLESPACE "USERS"  ENABLE;
--------------------------------------------------------
--  Constraints for Table INGREDIENTE
--------------------------------------------------------

  ALTER TABLE "PORTAFOLIO1"."INGREDIENTE" MODIFY ("PLATOS_ID" NOT NULL ENABLE);
  ALTER TABLE "PORTAFOLIO1"."INGREDIENTE" MODIFY ("BODEGA_SKU" NOT NULL ENABLE);
  ALTER TABLE "PORTAFOLIO1"."INGREDIENTE" MODIFY ("ACOMPAÑAMIENTOS_ID" NOT NULL ENABLE);
  ALTER TABLE "PORTAFOLIO1"."INGREDIENTE" MODIFY ("BEBIDA_ID" NOT NULL ENABLE);
--------------------------------------------------------
--  Constraints for Table MENU
--------------------------------------------------------

  ALTER TABLE "PORTAFOLIO1"."MENU" MODIFY ("ID" NOT NULL ENABLE);
  ALTER TABLE "PORTAFOLIO1"."MENU" MODIFY ("TIPO_MENU" NOT NULL ENABLE);
  ALTER TABLE "PORTAFOLIO1"."MENU" ADD CONSTRAINT "MENU_PK" PRIMARY KEY ("ID")
  USING INDEX PCTFREE 10 INITRANS 2 MAXTRANS 255 COMPUTE STATISTICS 
  STORAGE(INITIAL 65536 NEXT 1048576 MINEXTENTS 1 MAXEXTENTS 2147483645
  PCTINCREASE 0 FREELISTS 1 FREELIST GROUPS 1
  BUFFER_POOL DEFAULT FLASH_CACHE DEFAULT CELL_FLASH_CACHE DEFAULT)
  TABLESPACE "USERS"  ENABLE;
--------------------------------------------------------
--  Constraints for Table MESA
--------------------------------------------------------

  ALTER TABLE "PORTAFOLIO1"."MESA" MODIFY ("ID" NOT NULL ENABLE);
  ALTER TABLE "PORTAFOLIO1"."MESA" MODIFY ("GARZON_ID" NOT NULL ENABLE);
  ALTER TABLE "PORTAFOLIO1"."MESA" ADD CONSTRAINT "MESA_PK" PRIMARY KEY ("ID")
  USING INDEX PCTFREE 10 INITRANS 2 MAXTRANS 255 COMPUTE STATISTICS 
  STORAGE(INITIAL 65536 NEXT 1048576 MINEXTENTS 1 MAXEXTENTS 2147483645
  PCTINCREASE 0 FREELISTS 1 FREELIST GROUPS 1
  BUFFER_POOL DEFAULT FLASH_CACHE DEFAULT CELL_FLASH_CACHE DEFAULT)
  TABLESPACE "USERS"  ENABLE;
--------------------------------------------------------
--  Constraints for Table ORDEN
--------------------------------------------------------

  ALTER TABLE "PORTAFOLIO1"."ORDEN" MODIFY ("HORA_PEDIDO" NOT NULL ENABLE);
  ALTER TABLE "PORTAFOLIO1"."ORDEN" MODIFY ("ID" NOT NULL ENABLE);
  ALTER TABLE "PORTAFOLIO1"."ORDEN" MODIFY ("CLIENTE_ID_CLIENTE" NOT NULL ENABLE);
  ALTER TABLE "PORTAFOLIO1"."ORDEN" ADD CONSTRAINT "ORDEN_PK" PRIMARY KEY ("ID")
  USING INDEX PCTFREE 10 INITRANS 2 MAXTRANS 255 COMPUTE STATISTICS 
  STORAGE(INITIAL 65536 NEXT 1048576 MINEXTENTS 1 MAXEXTENTS 2147483645
  PCTINCREASE 0 FREELISTS 1 FREELIST GROUPS 1
  BUFFER_POOL DEFAULT FLASH_CACHE DEFAULT CELL_FLASH_CACHE DEFAULT)
  TABLESPACE "USERS"  ENABLE;
  ALTER TABLE "PORTAFOLIO1"."ORDEN" MODIFY ("HORA_PEDIDO_LISTO" NOT NULL ENABLE);
  ALTER TABLE "PORTAFOLIO1"."ORDEN" MODIFY ("ESTADO" NOT NULL ENABLE);
  ALTER TABLE "PORTAFOLIO1"."ORDEN" MODIFY ("PEDIDO" NOT NULL ENABLE);
--------------------------------------------------------
--  Constraints for Table PAGO
--------------------------------------------------------

  ALTER TABLE "PORTAFOLIO1"."PAGO" MODIFY ("ID" NOT NULL ENABLE);
  ALTER TABLE "PORTAFOLIO1"."PAGO" MODIFY ("CAJA_ID" NOT NULL ENABLE);
  ALTER TABLE "PORTAFOLIO1"."PAGO" ADD CONSTRAINT "PAGO_PK" PRIMARY KEY ("ID")
  USING INDEX PCTFREE 10 INITRANS 2 MAXTRANS 255 COMPUTE STATISTICS 
  TABLESPACE "USERS"  ENABLE;
--------------------------------------------------------
--  Constraints for Table PEDIDO_PROVEEDOR
--------------------------------------------------------

  ALTER TABLE "PORTAFOLIO1"."PEDIDO_PROVEEDOR" MODIFY ("ID" NOT NULL ENABLE);
  ALTER TABLE "PORTAFOLIO1"."PEDIDO_PROVEEDOR" MODIFY ("FINANZA_ID" NOT NULL ENABLE);
  ALTER TABLE "PORTAFOLIO1"."PEDIDO_PROVEEDOR" ADD CONSTRAINT "PEDIDO_PROVEEDOR_PK" PRIMARY KEY ("ID")
  USING INDEX PCTFREE 10 INITRANS 2 MAXTRANS 255 COMPUTE STATISTICS 
  STORAGE(INITIAL 65536 NEXT 1048576 MINEXTENTS 1 MAXEXTENTS 2147483645
  PCTINCREASE 0 FREELISTS 1 FREELIST GROUPS 1
  BUFFER_POOL DEFAULT FLASH_CACHE DEFAULT CELL_FLASH_CACHE DEFAULT)
  TABLESPACE "USERS"  ENABLE;
--------------------------------------------------------
--  Constraints for Table PLATO
--------------------------------------------------------

  ALTER TABLE "PORTAFOLIO1"."PLATO" MODIFY ("ID" NOT NULL ENABLE);
  ALTER TABLE "PORTAFOLIO1"."PLATO" MODIFY ("MENU_ID" NOT NULL ENABLE);
  ALTER TABLE "PORTAFOLIO1"."PLATO" MODIFY ("COCINA_ID" NOT NULL ENABLE);
  ALTER TABLE "PORTAFOLIO1"."PLATO" ADD CONSTRAINT "PLATOS_PK" PRIMARY KEY ("ID")
  USING INDEX PCTFREE 10 INITRANS 2 MAXTRANS 255 COMPUTE STATISTICS 
  STORAGE(INITIAL 65536 NEXT 1048576 MINEXTENTS 1 MAXEXTENTS 2147483645
  PCTINCREASE 0 FREELISTS 1 FREELIST GROUPS 1
  BUFFER_POOL DEFAULT FLASH_CACHE DEFAULT CELL_FLASH_CACHE DEFAULT)
  TABLESPACE "USERS"  ENABLE;
--------------------------------------------------------
--  Constraints for Table RESERVA
--------------------------------------------------------

  ALTER TABLE "PORTAFOLIO1"."RESERVA" MODIFY ("ID_RESERVA" NOT NULL ENABLE);
  ALTER TABLE "PORTAFOLIO1"."RESERVA" MODIFY ("CLIENTE_ID_CLIENTE" NOT NULL ENABLE);
  ALTER TABLE "PORTAFOLIO1"."RESERVA" MODIFY ("MESA_ID" NOT NULL ENABLE);
  ALTER TABLE "PORTAFOLIO1"."RESERVA" ADD CONSTRAINT "RESERVA_PK" PRIMARY KEY ("ID_RESERVA")
  USING INDEX PCTFREE 10 INITRANS 2 MAXTRANS 255 COMPUTE STATISTICS 
  STORAGE(INITIAL 65536 NEXT 1048576 MINEXTENTS 1 MAXEXTENTS 2147483645
  PCTINCREASE 0 FREELISTS 1 FREELIST GROUPS 1
  BUFFER_POOL DEFAULT FLASH_CACHE DEFAULT CELL_FLASH_CACHE DEFAULT)
  TABLESPACE "USERS"  ENABLE;
  ALTER TABLE "PORTAFOLIO1"."RESERVA" MODIFY ("FECHA_HORA" NOT NULL ENABLE);
  ALTER TABLE "PORTAFOLIO1"."RESERVA" MODIFY ("CANTIDAD_PERSONAS" NOT NULL ENABLE);
--------------------------------------------------------
--  Constraints for Table USUARIO
--------------------------------------------------------

  ALTER TABLE "PORTAFOLIO1"."USUARIO" MODIFY ("ID" NOT NULL ENABLE);
  ALTER TABLE "PORTAFOLIO1"."USUARIO" MODIFY ("USERNAME" NOT NULL ENABLE);
  ALTER TABLE "PORTAFOLIO1"."USUARIO" MODIFY ("PASSWORD" NOT NULL ENABLE);
  ALTER TABLE "PORTAFOLIO1"."USUARIO" ADD CONSTRAINT "USER_PK" PRIMARY KEY ("ID")
  USING INDEX PCTFREE 10 INITRANS 2 MAXTRANS 255 COMPUTE STATISTICS 
  STORAGE(INITIAL 65536 NEXT 1048576 MINEXTENTS 1 MAXEXTENTS 2147483645
  PCTINCREASE 0 FREELISTS 1 FREELIST GROUPS 1
  BUFFER_POOL DEFAULT FLASH_CACHE DEFAULT CELL_FLASH_CACHE DEFAULT)
  TABLESPACE "USERS"  ENABLE;
--------------------------------------------------------
--  Constraints for Table USUARIO_BODEGA
--------------------------------------------------------

  ALTER TABLE "PORTAFOLIO1"."USUARIO_BODEGA" MODIFY ("ID" NOT NULL ENABLE);
  ALTER TABLE "PORTAFOLIO1"."USUARIO_BODEGA" ADD CONSTRAINT "USUARIO_BODEGA_PK" PRIMARY KEY ("ID")
  USING INDEX PCTFREE 10 INITRANS 2 MAXTRANS 255 COMPUTE STATISTICS 
  STORAGE(INITIAL 65536 NEXT 1048576 MINEXTENTS 1 MAXEXTENTS 2147483645
  PCTINCREASE 0 FREELISTS 1 FREELIST GROUPS 1
  BUFFER_POOL DEFAULT FLASH_CACHE DEFAULT CELL_FLASH_CACHE DEFAULT)
  TABLESPACE "USERS"  ENABLE;
--------------------------------------------------------
--  Ref Constraints for Table BODEGA
--------------------------------------------------------

  ALTER TABLE "PORTAFOLIO1"."BODEGA" ADD CONSTRAINT "BODEGA_USUARIO_BODEGA_FK" FOREIGN KEY ("USUARIO_BODEGA_ID")
	  REFERENCES "PORTAFOLIO1"."USUARIO_BODEGA" ("ID") ENABLE;
--------------------------------------------------------
--  Ref Constraints for Table CAJA
--------------------------------------------------------

  ALTER TABLE "PORTAFOLIO1"."CAJA" ADD CONSTRAINT "CAJA_FINANZA_FK" FOREIGN KEY ("FINANZA_ID")
	  REFERENCES "PORTAFOLIO1"."FINANZA" ("ID") ENABLE;
--------------------------------------------------------
--  Ref Constraints for Table DETALLE_PAGO
--------------------------------------------------------

  ALTER TABLE "PORTAFOLIO1"."DETALLE_PAGO" ADD CONSTRAINT "DETALLE_PAGO_PAGO_FK" FOREIGN KEY ("PAGO_ID")
	  REFERENCES "PORTAFOLIO1"."PAGO" ("ID") ENABLE;
--------------------------------------------------------
--  Ref Constraints for Table INGREDIENTE
--------------------------------------------------------

  ALTER TABLE "PORTAFOLIO1"."INGREDIENTE" ADD CONSTRAINT "INGREDIENTES_BODEGA_FK" FOREIGN KEY ("BODEGA_SKU")
	  REFERENCES "PORTAFOLIO1"."BODEGA" ("SKU") ENABLE;
  ALTER TABLE "PORTAFOLIO1"."INGREDIENTE" ADD CONSTRAINT "INGREDIENTES_PLATOS_FK" FOREIGN KEY ("PLATOS_ID")
	  REFERENCES "PORTAFOLIO1"."PLATO" ("ID") ENABLE;
--------------------------------------------------------
--  Ref Constraints for Table MESA
--------------------------------------------------------

  ALTER TABLE "PORTAFOLIO1"."MESA" ADD CONSTRAINT "MESA_GARZON_FK" FOREIGN KEY ("GARZON_ID")
	  REFERENCES "PORTAFOLIO1"."GARZON" ("ID") ENABLE;
--------------------------------------------------------
--  Ref Constraints for Table ORDEN
--------------------------------------------------------

  ALTER TABLE "PORTAFOLIO1"."ORDEN" ADD CONSTRAINT "ORDEN_CLIENTE_FK" FOREIGN KEY ("CLIENTE_ID_CLIENTE")
	  REFERENCES "PORTAFOLIO1"."CLIENTE" ("ID_CLIENTE") ENABLE;
--------------------------------------------------------
--  Ref Constraints for Table PAGO
--------------------------------------------------------

  ALTER TABLE "PORTAFOLIO1"."PAGO" ADD CONSTRAINT "PAGO_CAJA_FK" FOREIGN KEY ("CAJA_ID")
	  REFERENCES "PORTAFOLIO1"."CAJA" ("ID") ENABLE;
--------------------------------------------------------
--  Ref Constraints for Table PEDIDO_PROVEEDOR
--------------------------------------------------------

  ALTER TABLE "PORTAFOLIO1"."PEDIDO_PROVEEDOR" ADD CONSTRAINT "PEDIDO_PROVEEDOR_FINANZA_FK" FOREIGN KEY ("FINANZA_ID")
	  REFERENCES "PORTAFOLIO1"."FINANZA" ("ID") ENABLE;
--------------------------------------------------------
--  Ref Constraints for Table PLATO
--------------------------------------------------------

  ALTER TABLE "PORTAFOLIO1"."PLATO" ADD CONSTRAINT "PLATO_COCINA_FK" FOREIGN KEY ("COCINA_ID")
	  REFERENCES "PORTAFOLIO1"."COCINA" ("ID") ENABLE;
  ALTER TABLE "PORTAFOLIO1"."PLATO" ADD CONSTRAINT "PLATO_MENU_FK" FOREIGN KEY ("MENU_ID")
	  REFERENCES "PORTAFOLIO1"."MENU" ("ID") ENABLE;
--------------------------------------------------------
--  Ref Constraints for Table RESERVA
--------------------------------------------------------

  ALTER TABLE "PORTAFOLIO1"."RESERVA" ADD CONSTRAINT "RESERVA_CLIENTE_FK" FOREIGN KEY ("CLIENTE_ID_CLIENTE")
	  REFERENCES "PORTAFOLIO1"."CLIENTE" ("ID_CLIENTE") ENABLE;
  ALTER TABLE "PORTAFOLIO1"."RESERVA" ADD CONSTRAINT "RESERVA_MESA_FK" FOREIGN KEY ("MESA_ID")
	  REFERENCES "PORTAFOLIO1"."MESA" ("ID") ENABLE;
